gene,l1_distance,pre_adipo_pred,adipo_pred,other_pred,lipo_pred,pre_adipo_gt,adipo_gt,other_gt,lipo_gt
ZBTB20,0.6674409317141212,0.2565358,0.24537286,0.20110309,0.2969883,0.4088514225500527,0.1896733403582718,0.4014752370916754,0.0379346680716543
FOXC1,0.3402001324221661,0.32644653,0.19176114,0.27484414,0.20694809,0.4013605442176871,0.2755102040816326,0.3231292517006803,0.0736961451247165
SOX6,0.4708804312444504,0.24250284,0.2890974,0.24721822,0.22118151,0.4180645161290323,0.2380645161290322,0.3438709677419355,0.0735483870967741
CHD4,0.36928313382574035,0.22552054,0.29502913,0.26237634,0.217074,0.3063063063063063,0.3261261261261261,0.3675675675675676,0.0648648648648648
TRIM5,0.2961318064889984,0.32644653,0.19176114,0.27484414,0.20694809,0.3493013972055888,0.3093812375249501,0.3413173652694611,0.1177644710578842
